<?xml version="1.0" encoding="UTF-8"?>
<document id="DDI-MedLine.d35">
    <sentence id="DDI-MedLine.d35.s0" text="[Importance of pharmacogenetics];Pharmacogenetics deals with the differences in effect of drugs caused by genetic variation. "/>
    <sentence id="DDI-MedLine.d35.s1" text="Differences can occur in therapeutic effect and in adverse events. "/>
    <sentence id="DDI-MedLine.d35.s2" text="Genetic variation in metabolism may result in high concentrations of drugs and an increased risk of adverse effects in slow metabolizers, which is important when using for example antidepressants or chemotherapy. ">
        <entity id="DDI-MedLine.d35.s2.e0" charOffset="180-194"
            type="group" text="antidepressants"/>
    </sentence>
    <sentence id="DDI-MedLine.d35.s3" text="Genetic variation also occurs in proteins interacting with drugs, which may change the effect of e.g. "/>
    <sentence id="DDI-MedLine.d35.s4" text="asthma drugs and antipsychotics. ">
        <entity id="DDI-MedLine.d35.s4.e0" charOffset="17-30"
            type="group" text="antipsychotics"/>
    </sentence>
    <sentence id="DDI-MedLine.d35.s5" text="The selection of drugs and their dosages may be improved, and the number of adverse effects reduced by pharmacogenetic investigations. "/>
    <sentence id="DDI-MedLine.d35.s6" text="However, it may be important also in case of medical examinations for insurances and job appointments, since some patients may turn out to need expensive drugs or to be susceptible to a certain disease. "/>
    <sentence id="DDI-MedLine.d35.s7" text="Therefore, the use of genetic data in these instances has to be regulated."/>
</document>
